model_name,charm_flattery,direct_coercion,gaslighting,guilt_tripping,love_bombing,neutral,passive_aggressive
Random Forest,1.0000,1.0000,1.0000,1.0000,1.0000,1.0000,1.0000
Logistic Regression,1.0000,1.0000,1.0000,1.0000,1.0000,1.0000,1.0000
Naive Bayes,1.0000,1.0000,1.0000,1.0000,1.0000,1.0000,1.0000
SimpleRNN,0.9237,0.9700,0.9838,0.9810,0.9802,0.9730,0.9728
GRU,0.9924,0.9972,1.0000,0.9973,0.9966,1.0000,1.0000
LSTM,1.0000,1.0000,1.0000,1.0000,1.0000,0.9975,0.9967
Bidirectional SimpleRNN,0.9962,0.9890,1.0000,1.0000,1.0000,0.9899,0.9967
Bidirectional GRU,1.0000,0.9945,1.0000,1.0000,1.0000,0.9900,0.9933
Bidirectional LSTM,1.0000,1.0000,1.0000,1.0000,1.0000,0.9975,0.9967
BERT Base,1.0000,1.0000,1.0000,1.0000,1.0000,1.0000,1.0000
