model_name,configuration_id,representation,preprocessing_strategy,hyperparameters,epochs_completed,best_epoch,training_time_seconds,validation_accuracy,validation_macro_f1,validation_weighted_f1,run_status,selection_decision,failure_reason
Random Forest,RF_C3,character TF-IDF + SVD,minimal,"{""config_id"": ""RF_C3"", ""model"": {""max_depth"": 45, ""max_features"": ""log2"", ""min_samples_leaf"": 1, ""n_estimators"": 300}, ""model_name"": ""Random Forest"", ""preprocessing"": ""minimal"", ""representation"": ""character TF-IDF + SVD"", ""svd_components"": 220, ""vectorizer"": {""analyzer"": ""char_wb"", ""max_features"": 35000, ""min_df"": 2, ""ngram_range"": [3, 5], ""sublinear_tf"": true}}",0,0,10.2700,1.0000,1.0000,1.0000,completed,selected_by_validation_macro_f1,
Logistic Regression,LR_C1,TF-IDF,minimal,"{""config_id"": ""LR_C1"", ""model"": {""C"": 1.0, ""class_weight"": null}, ""model_name"": ""Logistic Regression"", ""preprocessing"": ""minimal"", ""representation"": ""TF-IDF"", ""vectorizer"": {""analyzer"": ""word"", ""max_features"": 40000, ""min_df"": 2, ""ngram_range"": [1, 2], ""sublinear_tf"": true}}",0,0,1.4822,1.0000,1.0000,1.0000,completed,selected_by_validation_macro_f1,
Naive Bayes,NB_C2,TF-IDF,normalized,"{""config_id"": ""NB_C2"", ""model"": {""alpha"": 0.5}, ""model_name"": ""Naive Bayes"", ""preprocessing"": ""normalized"", ""representation"": ""TF-IDF"", ""vectorizer"": {""analyzer"": ""word"", ""max_features"": 35000, ""min_df"": 2, ""ngram_range"": [1, 2], ""sublinear_tf"": true}}",0,0,0.3801,1.0000,1.0000,1.0000,completed,selected_by_validation_macro_f1,
SimpleRNN,SRNN_C3,Word2Vec,minimal,"{""batch_size"": 64, ""config_id"": ""SRNN_C3"", ""dropout"": 0.4, ""embedding"": ""Word2Vec"", ""embedding_trainable"": true, ""epochs"": 6, ""executed_epoch_limit"": 6, ""learning_rate"": 0.0005, ""model_name"": ""SimpleRNN"", ""units"": 48}",6,6,74.7046,0.9726,0.9705,0.9725,completed,selected_by_validation_macro_f1,
GRU,GRU_C3,Word2Vec,minimal,"{""batch_size"": 64, ""config_id"": ""GRU_C3"", ""dropout"": 0.4, ""embedding"": ""Word2Vec"", ""embedding_trainable"": true, ""epochs"": 6, ""executed_epoch_limit"": 6, ""learning_rate"": 0.0005, ""model_name"": ""GRU"", ""units"": 48}",6,6,7.8851,0.9981,0.9979,0.9981,completed,selected_by_validation_macro_f1,
LSTM,LSTM_C3,Word2Vec,minimal,"{""batch_size"": 64, ""config_id"": ""LSTM_C3"", ""dropout"": 0.4, ""embedding"": ""Word2Vec"", ""embedding_trainable"": true, ""epochs"": 6, ""executed_epoch_limit"": 6, ""learning_rate"": 0.0005, ""model_name"": ""LSTM"", ""units"": 48}",6,5,8.0176,0.9994,0.9993,0.9994,completed,selected_by_validation_macro_f1,
Bidirectional SimpleRNN,BSRNN_C3,Word2Vec,minimal,"{""batch_size"": 64, ""config_id"": ""BSRNN_C3"", ""dropout"": 0.4, ""embedding"": ""Word2Vec"", ""embedding_trainable"": true, ""epochs"": 6, ""executed_epoch_limit"": 6, ""learning_rate"": 0.0005, ""model_name"": ""Bidirectional SimpleRNN"", ""units"": 48}",6,6,108.8325,0.9938,0.9937,0.9938,completed,selected_by_validation_macro_f1,
Bidirectional GRU,BGRU_C1,Word2Vec,minimal,"{""batch_size"": 128, ""config_id"": ""BGRU_C1"", ""dropout"": 0.25, ""embedding"": ""Word2Vec"", ""embedding_trainable"": false, ""epochs"": 4, ""executed_epoch_limit"": 4, ""learning_rate"": 0.001, ""model_name"": ""Bidirectional GRU"", ""units"": 32}",4,4,5.3663,0.9981,0.9983,0.9981,completed,selected_by_validation_macro_f1,
Bidirectional LSTM,BLSTM_C3,Word2Vec,minimal,"{""batch_size"": 64, ""config_id"": ""BLSTM_C3"", ""dropout"": 0.4, ""embedding"": ""Word2Vec"", ""embedding_trainable"": true, ""epochs"": 6, ""executed_epoch_limit"": 6, ""learning_rate"": 0.0005, ""model_name"": ""Bidirectional LSTM"", ""units"": 48}",6,6,11.0800,1.0000,1.0000,1.0000,completed,selected_by_validation_macro_f1,
BERT Base,BERT_C1,BERT WordPiece,minimal,"{""batch_size"": 16, ""config_id"": ""BERT_C1"", ""dropout"": 0.1, ""epochs"": 2, ""gradient_accumulation_steps"": 1, ""learning_rate"": 2e-05, ""max_length"": 96, ""model_name"": ""BERT Base"", ""weight_decay"": 0.01}",2,1,216.5061,0.9994,0.9995,0.9994,completed,selected_by_validation_macro_f1,
